Time,Sensor_1,Sensor_2,Sensor_3,Sensor_4,Sensor_5,Sensor_6,Sensor_7,Sensor_8,Sensor_9
"load:0x3fff0030,len:1184"
"load:0x40078000,len:13132"
"load:0x40080400,len:3036"
entry 0x400805e4
16,272,1411,112,48,674,382,571,643,645
118,304,1401,111,38,631,189,592,578,231
219,375,1394,107,39,650,192,592,585,233
320,362,1360,103,38,629,194,589,577,223
421,356,1323,99,40,654,192,594,583,233
522,406,1319,107,47,667,195,604,591,236
623,373,1296,106,39,651,192,592,583,229
724,424,1257,108,44,671,197,605,592,240
825,582,1269,110,46,691,192,609,594,246
926,446,1264,107,45,683,199,603,592,241
1027,0,1317,109,44,681,202,603,592,240
1128,0,1330,108,38,667,191,597,586,239
1229,0,1297,96,37,654,190,591,579,226
1330,400,1328,96,33,615,189,579,574,219
1431,221,1380,98,30,601,178,568,563,208
1532,0,1267,80,24,572,176,560,560,201
1633,0,1182,82,27,581,182,566,563,205
1734,0,1264,89,30,592,185,566,566,208
1835,0,1262,94,34,600,186,576,572,213
1936,0,1355,96,35,608,176,576,574,214
2037,0,1303,65,10,487,153,501,510,166
2138,0,1314,85,28,573,175,561,560,205
2239,0,1289,90,34,593,183,576,574,213
2340,0,1286,96,35,624,187,585,578,221
2441,0,1361,105,41,640,186,592,585,231
2542,0,1295,137,75,738,214,649,631,273
2643,0,1235,102,47,692,196,607,592,245
2744,0,1163,96,37,662,187,596,589,235
2845,0,1099,83,34,653,190,592,583,231
2946,0,1046,82,35,650,191,592,583,229
3047,0,987,81,34,641,190,591,583,225
3148,0,1017,86,33,637,192,591,583,230
3249,0,1074,82,32,637,187,589,580,226
3350,0,1051,85,32,636,189,592,582,227
3451,0,1096,86,34,656,187,592,582,229
3552,0,1164,94,33,637,189,589,581,227
3653,0,1247,90,38,635,192,587,581,225
3754,0,1255,91,41,633,191,589,579,227
3855,0,1064,83,34,626,183,587,579,222
3956,0,895,79,32,634,192,591,579,226
4057,0,737,67,28,631,192,589,578,226
4158,0,523,48,27,624,189,589,581,227
4259,0,418,46,22,625,184,587,579,224
4360,0,384,53,25,626,189,587,577,224
4461,0,430,47,27,630,188,587,581,226
4562,0,448,57,21,631,178,589,581,225
4663,0,609,64,27,633,194,587,578,223
4764,0,895,80,29,633,192,590,580,223
4865,0,1019,81,32,633,190,588,577,224
4966,0,1075,81,31,631,192,587,578,226
5067,0,1131,86,33,630,188,589,580,225
5168,0,1217,94,34,635,185,590,581,226
5269,0,1484,112,43,634,183,587,580,227
5370,0,1459,104,38,628,186,588,581,229
5471,0,1583,115,43,629,192,587,581,224
5572,0,1552,110,41,623,189,585,579,223
5673,0,1285,98,35,629,189,583,576,219
5774,0,1287,99,39,638,181,590,582,225
5875,0,1120,85,38,640,182,592,582,229
5976,0,886,77,32,645,186,593,587,231
6077,0,626,64,29,640,190,593,585,234
6178,0,404,48,26,649,189,594,587,235
6279,0,163,39,19,633,183,590,580,224
6380,0,90,37,18,626,187,583,576,215
6481,0,125,37,22,636,189,590,580,226
6582,0,240,48,22,629,183,587,578,223
6683,0,495,58,23,626,184,584,579,222
6784,0,658,62,29,625,190,586,579,226
6885,0,878,77,28,626,190,586,577,223
6986,0,891,78,29,630,191,586,581,226
7087,0,912,80,29,630,189,589,578,223
7188,0,1008,79,30,631,183,587,579,224
7289,0,1040,80,34,657,192,591,581,226
7390,0,994,74,33,652,192,586,577,224
7491,0,921,76,29,652,181,587,578,225
7592,0,970,80,30,653,185,583,576,223
7693,0,1009,80,29,638,185,578,574,217
7794,0,1078,90,34,654,190,592,581,226
7895,0,1211,87,30,635,190,578,572,215
7996,0,1262,91,31,624,181,576,573,212
8097,0,1280,90,34,609,183,577,574,215
8198,0,1275,95,33,611,179,578,572,219
8299,0,1267,93,33,624,186,587,580,219
8400,0,1264,87,37,624,182,592,580,233
8501,0,1270,92,35,640,195,592,581,229
8602,0,1260,94,35,636,190,592,582,225
8703,0,1231,94,35,640,186,592,579,227
8804,0,1257,101,45,658,198,599,591,239
8905,0,1216,90,31,631,189,585,576,223
9006,0,1030,82,34,634,189,587,577,216
9107,0,1166,91,38,652,199,596,586,234
9208,0,1291,90,38,631,195,591,580,226
9309,0,1209,91,34,651,192,592,583,227
9410,0,925,67,29,622,192,580,575,219
9511,0,929,80,31,628,193,589,579,222
9612,0,1005,81,34,640,189,592,583,229
9713,0,1182,87,36,625,187,587,577,221
9814,0,1276,94,39,642,189,592,587,233
9915,0,1066,83,28,625,185,586,576,220
10016,0,874,66,28,619,190,588,582,221
10117,0,915,79,30,640,181,592,581,229
10218,0,1177,98,29,625,180,577,569,218
10319,0,1402,103,37,638,192,590,578,223
10420,0,1399,95,40,640,195,591,580,229
10521,0,1240,94,34,639,190,592,581,225
10622,0,1047,75,30,627,187,589,581,221
10723,0,731,66,29,643,189,591,579,225
10824,0,705,65,24,627,187,587,576,223
10925,0,799,66,28,624,193,587,578,224
11026,0,849,80,32,632,191,591,579,224
11127,0,850,79,27,625,183,581,577,222
11228,0,889,59,29,624,189,586,578,220
11329,0,498,55,25,630,191,587,577,223
11430,0,373,50,23,633,194,591,582,229
11531,0,410,53,21,620,187,586,576,221
11632,0,605,60,27,629,177,589,580,226
11733,0,862,77,33,638,190,592,581,227
11834,0,949,76,29,619,188,586,576,222
11935,0,1047,80,31,623,177,588,577,222
12036,0,546,64,20,626,178,592,581,225
12137,0,575,62,30,635,187,590,579,227
12238,0,597,64,28,630,183,588,577,225
12339,0,815,78,30,638,183,591,582,227
12440,0,698,60,24,624,176,584,573,220
12541,0,752,64,28,624,179,587,579,224
12642,0,311,50,26,636,192,592,582,226
12743,0,236,43,22,626,179,588,578,226
12844,0,380,48,23,628,192,590,579,223
12945,0,784,78,31,645,192,594,585,232
13046,0,793,63,23,618,176,576,574,216
13147,0,528,47,24,637,188,590,581,225
13248,0,455,54,25,640,183,592,581,225
13349,0,562,53,21,631,188,589,580,225
13450,0,1263,104,42,656,193,596,588,232
13551,0,1249,86,32,632,186,584,575,218
13652,0,1117,80,34,631,192,586,577,226
13753,0,691,59,28,643,196,592,583,229
13854,25,730,69,32,646,191,590,581,225
13955,129,1082,93,38,654,191,589,581,224
14056,139,1229,94,34,649,187,591,580,226
14157,96,1313,98,37,649,195,589,578,223
14258,71,1365,96,36,642,188,587,578,227
14359,30,1411,103,39,637,192,589,580,223
14460,0,1242,96,35,650,192,591,580,225
14561,0,1191,91,35,654,183,591,582,226
14662,0,905,70,33,641,190,592,583,228
14763,0,713,64,26,647,187,592,581,229
14864,0,620,62,27,643,186,591,579,228
14965,0,544,59,23,643,188,587,579,224
15066,0,511,54,25,642,180,587,578,225
15167,0,592,55,26,641,188,590,578,225
15268,0,688,63,29,630,189,587,576,222
15369,0,795,69,29,630,183,589,579,225
15470,0,861,69,30,636,190,588,577,225
15571,0,813,73,30,637,188,588,579,228
15672,0,720,60,27,639,182,585,576,222
15773,0,691,66,27,640,184,585,576,224
15874,0,761,69,28,631,190,585,576,222
15975,0,754,64,27,630,185,585,576,220
16076,0,775,67,23,624,176,582,575,224
16177,0,719,63,23,621,177,576,573,217
16278,0,678,62,23,625,184,586,577,226
16379,0,580,54,25,638,186,587,577,221
16480,0,544,63,26,635,186,590,582,226
16581,0,453,49,23,642,187,587,581,224
16682,0,299,43,19,642,173,587,579,225
16783,0,208,46,25,645,183,592,582,229
16884,0,219,43,24,656,189,594,585,231
16985,0,222,48,25,652,182,592,586,235
17086,0,273,43,22,656,175,591,583,230
17187,0,405,49,26,654,186,592,585,231
17288,0,461,54,26,651,183,593,586,239
17389,0,535,57,23,640,187,590,581,228
17490,0,561,49,23,629,184,586,577,225
17591,0,491,50,23,633,183,586,579,222
17692,0,396,50,22,625,168,587,578,224
17793,0,427,48,21,626,187,588,579,221
17894,0,400,50,22,631,182,586,576,219
17995,0,450,51,23,626,176,586,577,224
18096,0,433,52,29,634,185,591,579,225
18197,0,357,48,28,630,181,587,578,224
18298,0,397,48,27,631,182,589,581,226
18399,0,414,48,25,638,183,586,579,222
18500,0,429,48,28,641,186,592,580,227
18601,0,387,54,27,644,183,592,586,229
18702,0,414,57,25,642,186,592,583,229
18803,0,399,50,24,655,182,592,583,230
18904,0,415,52,27,653,192,592,585,227
19005,0,410,53,25,645,185,587,582,224
19106,0,467,54,28,640,182,590,581,229
19207,0,540,59,25,631,186,589,577,223
19308,0,633,64,25,629,181,590,579,225
19409,0,624,60,30,642,191,592,581,228
19510,0,575,55,26,639,186,589,578,227
19611,0,387,46,20,626,178,587,578,223
19712,0,355,49,21,635,183,588,577,221
19813,0,247,45,19,637,188,591,581,227
19914,0,257,47,23,636,186,591,581,226
20015,0,166,19,16,625,186,585,576,220
20116,0,1,19,16,624,178,586,577,222
20217,0,0,22,15,611,182,580,573,215
20318,0,0,21,15,601,176,574,569,208
20419,0,0,21,16,618,182,580,576,218
20520,0,113,37,18,626,188,589,579,225
20621,0,337,47,20,624,181,587,579,224
20722,0,841,78,31,640,183,590,581,224
20823,0,1445,115,43,651,192,592,587,232
20924,0,1776,128,43,651,186,592,581,227
21025,0,2256,165,51,656,185,592,583,229
21126,0,2354,162,54,656,191,594,587,235
21227,0,2448,174,59,651,187,592,583,229
21328,23,2593,179,59,656,186,592,582,229
21429,449,2663,182,61,652,178,590,582,227
21530,625,2730,185,59,649,185,589,579,223
21631,955,2778,189,59,639,194,587,581,221
21732,1197,2852,198,64,642,191,591,577,224
21833,1302,2909,203,64,642,190,589,579,222
21934,1267,2880,192,64,641,182,589,581,225
22035,817,2796,193,64,643,187,587,579,224
22136,649,2837,194,64,639,189,587,580,225
22237,795,2835,192,64,637,193,590,581,227
22338,1179,2860,192,61,646,193,588,579,224
22439,1525,2891,198,62,640,179,589,579,226
22540,1776,2813,192,61,643,181,586,578,223
22641,1827,2831,190,59,641,189,582,576,219
22742,1698,2749,185,61,643,188,586,578,224
22843,854,2580,173,54,640,192,586,579,224
22944,713,2704,179,57,634,189,589,580,224
23045,1075,2809,190,61,641,188,587,578,222
23146,1462,2851,192,64,650,190,592,581,229
23247,1771,2912,203,64,656,192,592,587,234
23348,1969,2996,209,64,656,197,592,585,230
23449,2096,2992,206,64,650,190,592,580,224
23550,2233,3029,209,65,644,187,587,580,225
23651,2361,3107,208,64,641,192,588,577,222
23752,2477,3120,210,65,646,181,582,578,218
23853,2447,3136,208,65,650,193,587,578,224
23954,2359,3151,211,65,642,194,586,579,225
24055,2274,3162,209,64,646,193,589,578,224
24156,2274,3154,208,67,643,183,586,577,222
24257,2243,3120,208,66,643,187,587,577,225
24358,2113,3091,208,64,637,191,589,579,225
24459,1821,3024,204,64,642,187,588,578,220
24560,1584,3025,203,64,640,189,587,577,224
24661,1105,2949,190,61,638,190,589,578,229
24762,1393,3011,195,62,641,189,589,579,229
24863,1631,3037,206,64,647,192,585,576,224
24964,1763,3025,201,64,645,192,590,579,225
25065,1697,3040,206,64,646,189,587,578,225
25166,1575,3091,208,64,641,187,586,577,222
25267,1593,3065,208,64,641,188,586,578,222
25368,1563,3095,208,66,641,189,587,576,223
25469,1182,3079,208,65,639,191,589,578,224
25570,1056,3089,210,64,636,192,589,578,225
25671,1040,3088,209,64,646,190,591,581,227
25772,928,3056,208,67,638,192,590,580,225
25873,803,3088,204,64,640,187,589,579,223
25974,797,3095,208,64,639,195,588,578,224
26075,798,3100,210,65,637,195,589,579,223
26176,795,3102,208,64,635,190,589,580,224
26277,825,3100,209,64,641,187,589,581,226
26378,814,3102,208,64,640,190,590,582,225
26479,822,3095,205,64,642,191,592,581,229
26580,822,3069,206,64,641,190,590,579,227
26681,775,3056,203,64,645,192,589,580,226
26782,788,3031,208,65,649,193,590,582,227
26883,819,3010,202,71,647,194,592,583,225
26984,950,3047,206,65,645,180,588,581,223
27085,851,3041,207,65,649,189,589,582,229
27186,786,3035,202,64,650,191,590,579,223
27287,741,3007,199,64,642,184,589,582,222
27388,718,2972,205,65,640,192,590,581,225
27489,778,2983,197,64,641,203,592,582,229
27590,815,3024,205,64,637,188,587,578,224
27691,816,3024,205,64,635,183,591,583,228
27792,828,3033,207,64,637,192,587,577,222
27893,807,3028,205,63,637,188,590,580,224
27994,800,3031,208,64,638,186,589,580,225
28095,751,3056,208,64,640,187,591,578,223
28196,745,3034,205,64,637,190,587,576,222
28297,674,3045,205,64,634,188,591,577,225
28398,640,3013,200,64,633,189,587,577,227
28499,578,3019,204,63,640,187,589,577,223
28600,615,3005,207,62,641,187,589,579,224
28701,685,3005,201,63,639,178,587,578,221
28802,702,2994,199,64,639,190,589,578,223
28903,706,2992,206,66,637,198,591,579,225
29004,784,2995,205,64,636,181,591,579,227
29105,834,3021,207,64,638,194,589,579,226
29206,865,3011,208,64,641,193,589,579,226
29307,848,3022,208,64,635,199,592,579,224
29408,890,3006,207,64,641,186,590,581,226
29509,943,2996,202,64,634,192,586,578,222
29610,1078,3001,205,63,637,188,583,576,223
29711,1102,2992,206,62,641,188,587,578,224
29812,1056,2989,196,62,640,191,589,578,226
29913,917,2967,193,64,640,195,588,579,225
30014,944,3017,208,64,640,187,589,578,227
30115,1030,3061,208,64,645,191,587,579,226
30216,1147,3044,208,64,645,190,586,577,222
30317,1410,3051,205,64,646,192,590,579,226
30418,1569,3053,208,64,647,189,589,582,224
30519,1567,3030,206,64,646,187,589,581,226
30620,1519,3047,208,64,644,185,587,580,225
30721,1186,3069,203,65,648,187,588,581,222
30822,1169,3045,205,64,649,192,589,581,225
30923,1379,3103,209,64,647,192,592,583,225
31024,1508,3119,208,64,645,191,589,580,222
31125,1531,3147,209,64,649,186,588,580,223
31226,1454,3101,208,64,649,190,590,580,222
31327,1452,3031,198,63,646,186,588,579,217
31428,1475,3005,199,64,645,185,589,578,223
31529,1472,3003,199,64,634,192,591,582,223
31630,1373,2943,203,63,638,180,589,578,226
31731,1337,2945,199,62,642,190,589,579,224
31832,1268,2896,193,62,644,183,588,582,229
31933,1137,2870,189,62,643,187,589,579,222
32034,1270,2861,195,61,637,189,586,579,221
32135,1402,2837,189,60,639,188,588,579,222
32236,1447,2878,203,59,634,183,587,579,221
32337,1443,2931,195,62,639,189,587,577,220
32438,1459,2994,197,64,639,187,588,580,222
32539,1511,3039,202,64,637,190,589,578,226
32640,1599,3102,206,65,635,192,587,579,223
32741,1576,3095,208,64,641,196,591,581,224
32842,1577,3088,210,65,641,195,589,579,224
32943,1423,3093,210,64,637,192,589,581,222
33044,1418,3090,206,64,640,192,590,583,222
33145,1389,3063,207,64,643,192,590,582,224
33246,1297,3060,208,64,642,191,586,579,219
33347,1333,3043,208,64,636,177,586,578,223
33448,1302,3044,208,64,642,192,590,579,225
33549,1210,3010,204,63,639,191,590,579,228
33650,1200,2958,194,63,635,186,587,579,222
33751,1058,2916,192,64,639,197,590,580,227
33852,1142,2892,189,64,640,192,587,579,223
33953,1425,2891,195,64,639,192,591,582,227
34054,1379,2895,194,62,640,191,587,582,221
34155,1430,2905,196,63,639,192,589,580,226
34256,1408,2925,198,64,638,191,589,579,224
34357,1403,2884,197,62,638,188,587,581,224
34458,1404,2849,194,62,641,192,592,582,225
34559,1423,2775,183,61,638,192,590,579,223
34660,1494,2731,180,59,639,198,590,581,224
34761,1610,2721,189,60,639,190,589,581,223
34862,1744,2747,192,59,637,195,587,579,223
34963,1906,2800,186,60,637,187,588,579,227
35064,1968,2851,191,62,638,190,590,581,228
35165,2071,2897,197,61,640,190,590,580,226
35266,2154,2937,194,64,640,195,590,579,225
35367,2061,2975,198,64,637,183,587,577,225
35468,1894,2989,204,64,640,189,590,579,224
35569,1883,3013,201,64,640,192,590,580,224
35670,1917,3021,207,64,639,188,589,578,223
35771,1912,2995,206,64,637,182,588,579,225
35872,1869,2995,203,63,641,195,590,579,225
35973,1607,3017,205,63,633,189,591,580,225
36074,1437,2994,207,64,634,182,590,578,225
36175,1386,3045,208,64,634,188,586,577,222
36276,1370,3018,199,64,631,192,587,577,223
36377,1339,2994,208,64,640,190,586,578,226
36478,1263,3008,199,64,641,183,589,579,224
36579,1260,2983,202,64,635,182,587,577,223
36680,1279,2980,197,65,635,194,588,579,225
36781,1249,2975,199,64,630,195,591,582,227
36882,1277,3022,206,67,645,187,591,582,225
36983,1252,3010,207,65,651,186,592,583,228
37084,1126,3010,206,64,647,197,591,582,226
37185,1017,3005,207,64,639,189,590,582,227
37286,1051,3017,207,64,640,181,590,581,228
37387,1264,3010,199,65,639,198,588,581,227
37488,1275,3024,203,64,640,195,589,580,226
37589,1247,3005,207,65,639,185,589,581,229
37690,932,2962,197,65,641,183,587,577,225
37791,1158,2981,203,65,640,190,586,578,221
37892,1301,3017,198,64,640,190,589,577,224
37993,1390,3043,199,64,642,199,592,578,225
38094,1363,2987,201,64,635,186,588,578,225
38195,1427,2933,202,64,639,197,591,578,224
38296,1495,2884,192,59,636,186,587,577,221
38397,1552,2878,195,59,630,195,582,576,222
38498,1459,2882,191,62,624,190,584,576,217
38599,1213,2705,177,58,638,198,587,577,222
38700,1130,2666,181,55,638,192,587,578,220
38801,1424,2768,190,61,646,186,592,583,230
38902,1506,2815,192,59,653,186,591,581,223
39003,1569,2887,198,62,655,193,593,582,226
39104,1455,2867,190,63,650,194,591,580,227
39205,1282,2794,183,58,650,194,588,577,224
39306,1280,2720,181,62,655,188,590,582,225
39407,1252,2631,178,59,651,187,589,581,227
39508,1295,2626,176,58,649,199,590,579,224
39609,1260,2640,175,58,643,187,586,578,224
39710,1132,2601,173,55,643,185,589,578,223
39811,1119,2609,176,59,653,198,592,584,229
39912,1179,2549,185,55,650,177,589,581,225
40013,961,2430,169,55,655,192,591,582,226
40114,847,2320,162,54,657,186,592,582,228
40215,779,2203,149,49,644,178,590,580,222
40316,848,2240,153,50,645,178,592,581,227
40417,880,2253,151,53,652,192,592,581,225
40518,801,2341,164,53,639,192,589,579,224
40619,960,2459,167,54,643,183,587,580,226
40720,1190,2604,177,54,642,182,584,577,220
40821,1193,2640,176,58,643,180,587,578,222
40922,1007,2573,171,54,645,191,590,578,224
41023,1071,2559,176,51,645,195,587,580,223
41124,1296,2672,186,58,638,176,587,579,224
41225,1509,2678,176,58,640,192,589,579,227
41326,1633,2671,177,57,642,186,587,577,220
41427,1600,2653,176,58,639,188,583,576,218
41528,1545,2677,178,54,624,181,580,573,215
41629,1455,2665,175,53,611,183,575,571,209
41730,1841,2625,170,49,593,176,563,561,203
41831,1943,2858,177,51,592,173,560,560,201
41932,1745,2880,183,54,602,180,570,566,208
42033,1587,2894,190,59,625,179,578,574,215
42134,1456,2829,186,61,634,181,587,577,221
42235,1519,2759,183,54,630,177,579,573,218
42336,1472,2656,179,62,645,189,587,577,221
42437,1300,2689,181,59,642,186,588,580,224
42538,1456,2603,176,55,645,179,587,576,225
42639,1674,2799,192,60,649,183,589,578,226
42740,1808,2866,188,64,651,194,589,578,221
42841,2178,2955,198,64,656,194,591,582,225
42942,2283,2977,202,65,657,190,591,581,227
43043,2402,3042,208,64,657,191,591,578,227
43144,2402,3062,207,65,644,187,589,579,222
43245,2334,3046,208,64,655,190,591,582,224
43346,2160,3093,222,80,697,208,613,598,243
43447,1994,3093,215,67,779,199,625,597,272
43548,1910,3079,208,66,672,197,592,582,225
43649,1663,3056,207,63,661,197,591,579,222
43750,1450,2942,197,62,651,185,591,582,227
43851,1456,2903,199,61,650,191,590,579,228
43952,1475,2921,206,64,649,189,591,583,228
44053,1435,2842,191,62,655,190,591,581,225
44154,1241,2767,181,62,651,191,589,579,223
44255,1213,2704,179,63,661,190,592,582,227
44356,1103,2705,179,59,654,192,588,580,225
44457,1110,2822,192,64,655,193,592,580,225
44558,1115,2844,195,63,643,192,590,579,225
44659,912,2823,192,62,642,190,589,581,224
44760,1049,2801,199,64,640,192,591,579,225
44861,1168,2832,193,61,638,194,589,580,222
44962,1200,2894,199,64,640,187,591,583,226
45063,1383,2901,195,64,638,189,587,579,223
45164,1424,2921,199,62,624,191,583,576,220
45265,1424,2942,198,59,626,186,582,576,218
45366,1278,2947,193,61,626,186,587,577,220
45467,1264,2951,196,63,636,191,589,580,222
45568,1235,2929,203,63,639,190,589,580,223
45669,1085,2939,197,63,640,185,592,583,229
45770,1166,2930,199,66,641,182,591,583,225
45871,1273,2960,205,64,641,185,590,582,229
45972,1277,2980,199,64,640,183,589,583,224
46073,1249,2969,202,64,642,187,589,583,226
46174,1243,2957,197,61,638,190,590,580,225
46275,1207,2954,196,64,641,182,589,583,227
46376,1136,2931,202,62,642,185,590,581,224
46477,1193,2943,196,64,640,193,589,583,224
46578,1184,2956,205,64,638,189,590,581,221
46679,1104,2928,205,62,640,187,588,581,222
46780,1071,2929,197,64,631,192,590,583,225
46881,1018,2928,198,64,627,193,591,579,229
46982,960,2950,202,64,638,192,589,581,225
47083,873,2950,204,62,641,189,587,581,223
47184,848,2989,199,61,638,193,590,582,224
47285,879,2992,207,62,631,178,587,578,224
47386,901,3019,205,61,640,194,590,583,225
47487,909,3041,208,64,640,193,587,580,224
47588,747,3006,204,65,637,187,590,580,225
47689,704,2983,202,64,640,189,589,580,223
47790,642,2957,199,62,638,190,587,581,226
47891,602,2928,194,60,637,189,588,577,223
47992,603,2896,192,63,629,191,592,579,224
48093,521,2837,192,63,638,197,589,578,222
48194,496,2811,193,62,637,193,591,579,224
48295,496,2838,193,62,637,186,585,576,217
48396,520,2823,192,60,638,183,590,581,224
48497,589,2866,190,62,630,186,591,581,221
48598,675,2896,191,64,638,192,587,578,222
48699,837,2941,204,65,638,190,590,578,224
48800,881,2973,205,63,637,190,589,577,223
48901,909,3006,204,64,637,192,590,578,225
49002,887,3005,203,64,636,192,591,577,223
49103,863,2990,206,64,640,197,592,579,225
49204,793,2979,206,64,637,183,589,578,224
49305,707,2958,196,62,640,194,589,577,222
49406,697,2947,199,64,641,185,587,577,224
49507,646,2935,199,64,636,191,589,581,223
49608,563,2896,194,59,633,182,588,578,224
49709,538,2849,190,63,637,192,587,579,222
49810,439,2819,186,62,638,192,589,581,224
49911,379,2774,188,59,639,190,589,581,224
50012,323,2742,190,59,639,192,589,580,224
50113,384,2766,189,58,638,191,588,581,219
50214,495,2819,193,62,638,189,587,577,222
50315,560,2892,193,62,635,189,592,581,227
50416,643,2912,200,64,641,194,592,581,228
50517,739,2965,196,64,640,192,589,581,224
50618,839,2987,202,61,639,191,589,579,224
50719,778,2946,198,64,638,190,589,579,225
50820,823,2919,197,60,631,187,583,576,220
50921,849,2896,194,62,640,189,585,577,221
51022,827,2857,189,64,641,192,589,579,223
51123,816,2799,183,61,629,187,587,581,224
51224,727,2736,187,59,633,190,589,581,225
51325,779,2766,183,59,634,190,590,581,228
51426,775,2756,181,61,631,186,586,579,221
51527,750,2737,182,64,637,187,587,579,225
51628,672,2660,183,62,640,195,591,580,222
51729,577,2627,176,58,636,187,589,580,225
51830,557,2577,172,60,638,190,589,581,225
51931,505,2502,168,60,635,190,589,582,224
52032,464,2487,170,58,638,185,588,581,227
52133,411,2477,166,54,637,187,587,580,223
52234,434,2494,167,52,634,186,589,581,223
52335,352,2512,167,54,634,192,587,581,221
52436,278,2608,177,58,637,188,588,585,224
52537,376,2711,182,59,639,189,590,583,225
52638,526,2807,187,60,637,190,592,583,227
52739,672,2889,195,64,641,189,591,584,224
52840,794,2923,202,64,640,189,591,583,225
52941,919,2960,198,63,641,187,590,582,223
53042,918,3002,207,62,640,194,587,577,219
53143,941,2992,194,64,639,193,583,576,222
53244,923,2985,195,62,635,192,583,576,217
53345,880,2978,202,67,641,191,592,585,227
53446,819,2992,199,64,642,191,592,582,230
53547,655,2959,194,64,640,189,589,580,226
53648,580,2896,193,60,634,187,586,578,225
53749,474,2769,186,59,646,194,589,579,225
53850,247,2689,184,61,655,186,592,586,234
53951,294,2627,179,58,659,194,592,581,227
54052,313,2609,181,59,646,190,589,579,225
54153,485,2745,179,58,638,185,583,576,223
54254,576,2815,182,54,626,194,578,575,214
54355,654,2887,193,59,626,186,583,576,215
54456,676,2899,201,61,641,186,589,579,223
54557,685,2901,198,62,644,182,590,581,228
54658,652,2901,196,61,633,192,585,577,222
54759,567,2882,190,61,637,186,586,577,223
54860,584,2854,192,59,638,192,589,578,222
54961,523,2809,190,61,642,195,590,579,225
55062,441,2737,185,62,642,194,591,581,225
55163,451,2660,176,53,637,177,587,577,223
55264,464,2611,176,55,629,183,587,578,221
55365,560,2609,177,58,622,191,589,579,223
55466,674,2727,188,59,628,185,585,578,225
55567,679,2804,189,58,630,189,588,578,224
55668,752,2881,195,58,624,189,579,574,210
55769,809,2928,199,63,653,197,595,585,233
55870,784,2896,196,64,656,182,592,583,227
55971,880,2864,185,58,640,188,587,577,218
56072,925,2831,192,61,648,186,592,579,226
56173,928,2787,189,61,646,192,591,579,226
56274,941,2757,183,59,642,187,590,578,222
56375,957,2736,181,55,643,193,592,581,226
56476,853,2670,176,55,633,187,586,577,222
56577,681,2544,165,57,637,189,591,578,225
56678,590,2480,176,54,638,183,591,579,223
56779,593,2476,169,54,642,190,592,581,230
56880,622,2448,171,53,643,193,592,582,230
56981,655,2454,170,54,643,197,590,582,226
57082,633,2453,173,59,641,196,592,582,227
57183,651,2480,175,55,640,192,591,582,227
57284,784,2612,177,56,639,190,589,581,225
57385,863,2691,181,59,640,188,589,581,226
57486,954,2750,187,59,640,187,590,579,226
57587,1018,2833,192,62,628,189,590,579,222
57688,1110,2885,195,61,637,185,591,582,228
57789,1136,2890,198,64,638,192,590,578,224
57890,1199,2928,194,61,629,185,583,576,222
57991,1269,2937,193,61,626,190,586,576,218
58092,1299,2964,199,59,633,187,589,580,224
58193,1310,2971,199,60,637,190,589,579,222
58294,1319,2953,195,63,640,192,587,579,224
58395,1210,2965,202,64,641,189,592,584,225
58496,1170,2960,205,63,643,192,592,581,229
58597,1130,2928,201,63,640,189,590,583,225
58698,958,2894,195,62,640,191,591,581,228
58799,884,2863,191,64,640,192,589,579,223
58900,849,2805,192,62,639,190,590,581,226
59001,797,2762,183,59,640,186,588,578,225
59102,683,2635,179,55,638,195,591,581,228
59203,667,2518,174,55,635,192,591,580,225
59304,609,2416,166,56,635,194,591,579,224
59405,637,2372,160,52,639,185,588,580,223
59506,546,2347,159,51,640,186,589,579,230
59607,539,2349,162,50,643,193,589,579,223
59708,615,2372,160,51,640,191,588,578,225
59809,686,2458,173,54,640,189,590,581,220
59910,720,2522,169,54,640,187,590,580,225
60011,779,2610,177,58,644,188,589,579,228
60112,827,2678,186,59,638,190,587,578,223
60213,801,2720,180,60,635,192,589,579,224
60314,808,2701,183,58,637,193,589,580,222
60415,815,2623,181,58,636,189,589,579,222
60516,841,2606,175,58,638,190,590,581,223
60617,842,2590,176,57,638,194,589,581,226
60718,854,2622,178,58,641,190,589,578,223
60819,834,2608,183,55,637,188,591,581,225
60920,620,2515,171,55,635,189,589,581,226
61021,407,2458,167,55,635,189,590,582,227
61122,430,2469,169,55,653,189,588,579,220
61223,467,2479,166,54,645,193,590,580,226
61324,483,2480,171,57,635,194,589,579,226
61425,464,2482,165,53,626,180,583,577,224
61526,544,2526,176,53,631,186,585,576,221
61627,720,2640,177,54,629,185,583,577,222
61728,848,2743,187,58,637,191,590,577,224
61829,1007,2847,201,63,635,187,587,578,221
61930,1168,2901,193,59,631,189,587,578,223
62031,1273,2960,202,63,635,190,589,579,224
62132,1201,2955,198,62,638,186,587,580,225
62233,1152,2960,199,61,635,190,590,579,224
62334,1126,2960,199,63,638,186,589,581,223
62435,979,2910,192,60,641,194,591,579,226
62536,893,2758,188,60,637,194,592,579,226
62637,886,2711,181,57,642,192,590,579,223
62738,886,2692,181,58,646,192,590,581,221
62839,835,2677,178,62,649,194,591,581,225
62940,816,2638,176,58,643,193,590,578,223
63041,794,2640,183,58,643,185,592,580,225
63142,735,2623,176,57,637,189,589,579,222
63243,697,2610,178,55,643,190,589,579,226
63344,688,2603,179,56,646,183,590,578,225
63445,670,2591,173,54,642,181,590,579,223
63546,647,2603,178,55,642,189,589,577,223
63647,596,2583,176,59,643,187,590,579,225
63748,522,2617,176,55,637,190,591,579,223
63849,523,2685,176,57,649,189,591,578,227
63950,582,2720,187,63,645,188,591,578,225
64051,726,2875,192,64,639,192,591,579,222
64152,832,2910,197,64,638,182,590,579,225
64253,866,2929,199,64,637,190,590,579,227
64354,903,2964,204,62,639,187,588,581,227
64455,955,2993,205,64,638,192,592,580,225
64556,944,2968,206,62,641,192,590,580,229
64657,922,2965,198,64,640,192,591,580,224
64758,864,2943,204,63,634,189,591,578,225
64859,787,2942,204,62,632,187,585,576,219
64960,658,2886,186,57,626,183,583,576,219
65061,550,2788,187,58,634,187,583,575,217
65162,446,2739,189,57,627,190,587,576,221
65263,303,2636,171,54,614,186,577,573,210
65364,272,2591,175,53,628,189,585,576,218
65465,242,2538,173,55,639,192,591,580,226
65566,146,2525,171,54,633,187,588,579,225
65667,150,2510,165,58,630,191,583,577,217
65768,111,2494,167,53,625,187,582,576,215
65869,99,2459,167,51,635,190,589,578,223
65970,125,2480,171,53,637,185,589,580,222
66071,228,2534,173,58,648,196,592,583,228
66172,387,2643,179,59,645,193,592,582,227
66273,556,2706,181,55,633,190,586,578,220
66374,630,2800,189,61,635,183,587,578,222
66475,750,2896,198,63,649,187,591,582,226
66576,814,2920,197,64,649,191,590,582,224
66677,866,2947,201,61,640,182,587,579,222
66778,911,2934,200,64,647,190,591,582,228
66879,796,2891,195,64,635,196,590,582,225
66980,802,2813,190,63,650,192,591,581,227
67081,793,2800,193,61,642,188,590,580,226
67182,768,2783,189,59,641,190,592,578,224
67283,705,2719,187,61,640,183,588,578,225
67384,489,2640,176,59,637,192,588,578,225
67485,435,2559,176,54,663,185,589,580,225
67586,249,2531,170,53,657,182,586,579,222
67687,239,2476,171,53,656,187,591,580,226
67788,235,2458,166,54,657,195,591,579,225
67889,319,2542,175,56,657,187,588,581,221
67990,433,2610,177,59,644,192,591,579,224
68091,539,2727,186,61,640,192,591,579,221
68192,638,2807,191,63,640,195,589,580,225
68293,764,2883,198,62,639,190,591,580,223
68394,843,2946,194,63,640,179,589,582,225
68495,816,2913,193,64,643,192,591,581,225
68596,784,2845,195,62,645,189,591,582,227
68697,779,2823,192,60,633,191,590,579,226
68798,783,2794,180,58,637,189,586,578,219
68899,742,2751,187,61,638,192,588,577,222
69000,723,2737,185,59,640,192,589,579,221
69101,705,2726,185,59,640,190,591,580,225
69202,659,2682,182,58,656,181,590,580,227
69303,592,2625,178,64,691,194,605,592,239
69404,549,2583,175,58,649,192,592,581,226
69505,539,2544,174,57,642,190,591,581,225
69606,464,2497,172,54,640,185,590,580,225
69707,436,2505,171,55,639,183,589,581,221
69808,433,2498,174,57,630,190,590,579,224
69909,435,2499,176,54,637,187,589,580,226
70010,357,2493,174,54,636,178,588,579,224
70111,349,2502,170,54,634,191,590,578,224
70212,363,2502,167,53,633,188,587,578,225
70313,367,2502,167,51,631,186,589,578,223
70414,468,2519,169,54,631,180,586,577,223
70515,452,2559,171,55,634,187,587,580,223
70616,463,2567,176,53,638,187,587,581,222
70717,577,2544,169,53,631,189,589,578,224
70818,685,2545,176,55,634,190,589,577,221
70919,720,2559,171,57,636,195,589,579,222
71020,747,2513,167,55,638,195,588,578,220
71121,787,2545,170,60,641,194,591,581,225
71222,848,2570,176,55,638,183,590,580,224
71323,894,2590,176,55,639,191,591,581,223
71424,917,2608,176,54,637,189,588,578,223
71525,1063,2681,179,57,637,181,589,578,225
71626,1130,2758,191,61,642,193,591,582,226
71727,1174,2816,187,62,640,193,589,579,223
71828,1231,2874,192,64,637,189,589,578,224
71929,1330,2907,192,64,637,184,589,577,224
72030,1391,2960,193,62,639,190,589,577,221
72131,1405,2988,197,62,638,191,587,578,221
72232,1334,2960,201,64,636,192,590,579,223
72333,1119,2925,195,60,635,187,589,579,221
72434,880,2816,189,59,639,190,590,582,226
72535,819,2709,183,62,638,189,586,577,218
72636,796,2624,176,58,634,186,588,579,223
72737,782,2586,174,55,638,183,587,581,223
72838,720,2544,170,55,640,186,587,578,222
72939,653,2514,173,55,638,192,592,581,223
73040,624,2514,170,56,637,194,587,579,223
73141,622,2507,167,58,638,188,591,579,221
73242,635,2503,169,56,639,185,590,583,223
73343,635,2481,174,55,644,187,591,580,224
73444,650,2498,167,54,640,189,589,579,223
73545,666,2489,167,54,638,191,586,579,215
73646,661,2533,175,55,640,193,589,577,225
73747,771,2624,176,56,640,193,587,579,221
73848,841,2735,191,60,638,191,590,581,225
73949,913,2817,192,61,638,187,587,578,222
74050,1107,2896,198,62,640,193,589,580,225
74151,1219,2920,198,62,645,197,592,583,229
74252,1331,2960,208,71,667,191,602,592,239
74353,1330,2961,208,66,687,196,602,587,237
74454,1200,2910,195,63,656,189,592,582,227
74555,965,2871,194,60,640,182,589,579,224
74656,861,2800,181,60,637,194,589,580,223
74757,768,2711,177,55,636,189,585,580,220
74858,688,2622,171,54,629,183,583,576,220
74959,642,2514,169,53,633,187,586,577,218
75060,617,2475,167,52,636,190,587,577,225
75161,586,2453,170,52,640,186,587,579,223
75262,585,2426,164,53,642,186,590,577,221
75363,592,2406,167,52,638,180,585,577,221
75464,594,2403,160,50,633,182,585,579,222
75565,624,2385,163,53,630,186,587,577,223
75666,648,2404,166,52,634,183,590,580,227
75767,631,2416,160,50,628,180,585,576,219
75868,651,2393,163,50,632,184,583,578,223
75969,663,2410,167,53,631,186,587,578,222
76070,719,2451,163,55,631,196,585,578,224
76171,919,2469,162,52,636,192,590,580,226
76272,928,2469,169,55,640,190,587,578,221
76373,945,2461,169,54,639,183,585,576,221
76474,884,2352,163,50,635,182,587,579,223
76575,1413,2381,161,53,640,185,590,581,224
76676,1397,2384,158,55,640,189,592,582,226
76777,1358,2400,163,51,640,191,592,580,225
76878,1283,2417,163,55,638,190,590,579,227
76979,1244,2415,158,53,643,189,591,579,225
77080,951,2314,156,49,647,190,591,578,224
77181,915,2355,161,53,650,193,592,581,224
77282,960,2522,170,58,643,193,589,582,226
77383,1084,2689,176,61,639,192,587,579,223
77484,1232,2768,182,57,640,189,592,577,228
77585,1352,2832,189,55,633,183,587,577,225
77686,1408,2859,197,58,641,193,586,578,219
77787,1387,2871,198,58,638,188,590,580,224
77888,1461,2918,193,58,640,187,589,578,223
77989,1444,2899,195,59,639,185,586,579,225
78090,1281,2854,192,61,641,190,587,579,223
78191,1068,2736,189,63,639,192,590,582,224
78292,944,2746,183,60,633,181,583,578,221
78393,886,2757,188,60,636,183,589,579,223
78494,798,2739,186,59,642,187,589,580,224
78595,807,2751,183,58,643,190,589,579,219
78696,657,2719,185,59,649,192,592,583,226
78797,506,2630,176,58,647,193,592,581,229
78898,488,2570,171,57,643,189,592,580,225
78999,517,2570,176,56,640,189,589,579,223
79100,518,2585,176,55,638,181,588,578,224
79201,580,2598,177,53,641,189,591,581,228
79302,643,2658,176,56,641,193,589,576,218
79403,717,2699,187,60,638,189,586,578,215
79504,802,2800,185,60,637,182,588,579,224
79605,899,2881,194,63,638,185,587,578,223
79706,936,2834,192,61,638,191,591,578,224
79807,1045,2832,192,62,642,192,591,579,225
79908,1203,2841,191,64,640,193,590,580,222
80009,1245,2845,195,62,641,190,589,579,219
80110,1257,2813,192,62,640,186,589,579,223
80211,1189,2797,189,60,642,194,591,581,223
80312,1168,2758,182,58,640,191,589,580,224
80413,1106,2761,189,58,640,191,589,580,219
80514,1108,2784,189,61,641,193,588,581,221
80615,1104,2738,181,59,640,194,592,583,226
80716,1071,2681,177,59,640,187,589,578,225
80817,976,2690,177,58,642,201,592,580,224
80918,898,2714,179,59,638,189,589,581,224
81019,860,2734,180,59,637,185,587,578,222
81120,783,2741,180,58,639,195,588,580,224
81221,778,2737,182,61,638,195,589,577,223
81322,773,2745,188,59,638,191,587,579,223
81423,752,2741,192,58,634,186,589,582,226
81524,757,2687,182,58,635,185,591,581,227
81625,691,2695,180,59,640,189,591,581,226
81726,720,2669,179,59,639,190,592,581,225
81827,713,2672,182,55,640,193,591,580,224
81928,675,2651,179,58,639,188,589,579,220
82029,701,2657,176,58,639,190,592,582,227
82130,732,2655,179,59,644,197,589,580,224
82231,721,2684,181,59,640,192,591,583,224
82332,758,2693,179,62,640,191,589,580,223
82433,791,2711,179,58,640,191,588,578,222
82534,813,2740,181,59,636,183,590,578,225
82635,815,2754,185,58,637,186,589,579,223
82736,851,2764,189,58,641,193,589,580,222
82837,838,2793,190,59,638,187,590,579,223
82938,816,2782,183,59,634,191,587,579,224
83039,814,2765,188,59,639,186,589,579,225
83140,801,2781,182,59,643,176,587,579,223
83241,819,2736,186,58,646,191,589,577,221
83342,813,2741,186,59,643,187,588,579,224
83443,794,2748,183,59,636,192,591,579,225
83544,796,2746,181,60,640,194,591,581,224
83645,797,2744,186,61,641,192,589,579,223
83746,769,2757,186,59,640,189,587,582,220
83847,800,2750,178,59,630,187,591,579,225
83948,822,2751,186,59,646,187,587,579,222
84049,784,2746,180,59,650,193,590,582,221
84150,803,2769,182,54,644,187,590,581,225
84251,783,2736,183,55,643,191,589,578,223
84352,779,2721,183,59,643,196,587,577,218
84453,780,2727,186,58,643,193,590,578,229
84554,801,2754,183,62,642,194,590,582,227
84655,871,2842,192,60,640,189,591,578,223
84756,917,2870,195,60,643,190,589,578,223
84857,912,2901,190,60,640,195,591,582,226
84958,877,2851,189,59,640,189,589,579,225
85059,848,2782,186,61,637,183,587,579,220
85160,853,2762,187,59,638,192,589,580,224
85261,816,2718,183,59,637,186,586,581,222
85362,834,2702,179,59,637,179,588,580,224
85463,817,2678,177,57,640,191,590,580,222
85564,799,2672,177,59,641,186,590,584,225
85665,789,2673,181,59,638,186,587,579,225
85766,778,2629,181,58,640,187,588,576,219
85867,768,2629,178,58,640,192,589,581,227
85968,774,2623,176,55,634,187,589,579,223
86069,751,2583,174,55,640,179,587,579,224
86170,751,2624,175,54,641,192,588,581,221
86271,699,2624,176,57,638,187,586,578,221
86372,737,2545,175,59,630,185,588,579,224
86473,791,2515,171,54,649,191,587,580,225
86574,757,2525,173,58,649,190,589,582,226
86675,703,2544,170,55,651,192,592,582,226
86776,700,2547,173,55,643,189,591,579,227
86877,722,2576,172,55,645,188,587,580,222
86978,786,2640,176,57,641,177,587,582,226
87079,941,2649,181,58,650,191,589,581,221
87180,921,2662,176,56,650,186,589,579,221
87281,786,2647,177,59,640,181,591,579,224
87382,826,2762,192,62,646,191,589,581,225
87483,741,2766,185,60,643,182,589,582,228
87584,721,2790,194,64,643,192,590,580,225
87685,848,2854,192,58,642,195,589,579,222
87786,915,2920,194,63,640,186,590,579,224
87887,898,2962,201,60,636,192,587,579,226
87988,999,2979,202,62,637,179,583,578,218
88089,1191,3031,205,64,636,179,586,578,226
88190,1228,3018,207,64,637,191,587,578,224
88291,998,2990,196,64,635,191,586,579,222
88392,912,2991,207,66,639,193,586,577,221
88493,833,2927,197,64,639,188,592,583,225
88594,752,2865,197,64,641,185,588,578,221
88695,752,2801,191,64,637,187,590,582,227
88796,693,2713,177,59,632,191,589,581,225
88897,608,2640,176,55,637,188,590,581,224
88998,559,2546,176,54,639,191,589,580,222
89099,560,2517,174,54,635,192,589,582,227
89200,569,2514,174,54,639,194,587,579,224
89301,554,2543,173,53,637,189,587,578,224
89402,611,2603,176,54,637,186,586,580,225
89503,723,2723,185,60,640,192,591,580,225
89604,794,2837,187,59,640,179,590,580,225
89705,878,2903,195,63,643,192,587,579,224
89806,1002,2944,194,63,640,187,588,578,223
89907,1200,3018,201,62,644,186,590,579,222
90008,1337,3038,205,64,635,185,590,580,224
90109,1407,3057,200,64,643,189,590,579,225
90210,1427,3047,208,64,643,185,588,580,225
90311,1342,3062,208,64,646,185,589,580,225
90412,1082,2992,199,63,646,187,589,579,225
90513,911,2971,205,63,649,183,591,581,224
90614,865,2947,195,62,644,189,590,581,223
90715,816,2887,199,64,640,184,589,579,227
90816,743,2833,190,61,642,186,590,581,223
90917,741,2796,189,64,643,190,589,582,226
91018,731,2736,178,60,642,191,592,582,226
91119,701,2640,176,57,647,190,589,577,225
91220,727,2623,176,58,651,191,588,579,222
91321,719,2651,176,58,643,182,589,579,224
91422,736,2736,183,59,643,193,589,581,223
91523,846,2806,190,60,639,191,589,578,225
91624,880,2892,188,62,638,192,590,579,226
91725,976,2922,203,62,640,196,591,578,225
91826,1103,3000,201,64,639,195,590,581,225
91927,1287,3034,199,64,657,183,586,577,222
92028,1418,3056,208,63,640,192,589,580,225
92129,1454,3056,208,65,637,192,589,577,223
92230,1341,3037,203,63,640,187,589,576,223
92331,1255,3026,206,64,642,190,587,577,221
92432,998,2960,202,64,642,184,590,579,223
92533,899,2929,195,64,641,194,590,581,223
92634,823,2879,193,61,641,192,589,579,226
92735,815,2834,186,62,643,176,588,579,223
92836,745,2790,188,63,643,182,587,579,222
92937,715,2703,179,63,634,193,588,577,221
93038,633,2636,176,60,635,192,586,578,218
93139,622,2605,176,57,640,192,589,581,224
93240,560,2544,176,55,634,189,586,580,225
93341,533,2544,171,57,637,179,588,579,225
93442,644,2643,181,58,638,186,590,582,224
93543,751,2753,184,58,640,186,589,579,226
93644,838,2817,195,61,634,188,589,578,224
93745,910,2896,199,58,634,187,588,578,223
93846,1031,2965,196,62,639,189,589,581,222
93947,1184,2982,203,64,642,190,589,582,223
94048,1296,3030,208,63,638,179,588,578,224
94149,1149,2977,198,64,641,191,590,581,224
94250,945,2960,202,64,639,194,590,580,225
94351,891,2898,194,64,637,192,589,581,225
94452,784,2811,192,64,640,181,589,581,224
94553,739,2760,185,60,640,192,589,583,225
94654,718,2674,178,59,638,188,591,582,226
94755,692,2543,176,55,635,189,588,578,223
94856,652,2482,169,51,627,185,589,578,226
94957,566,2451,163,53,637,189,590,581,225
95058,588,2462,169,55,642,187,589,581,224
95159,632,2469,171,53,640,191,589,579,225
95260,630,2483,171,50,633,176,583,577,222
95361,694,2559,171,53,635,185,587,579,223
95462,746,2642,179,54,644,188,587,578,223
95563,810,2753,192,59,642,188,586,578,223
95664,885,2845,195,61,645,192,591,579,226
95765,1056,2911,202,64,640,190,589,578,226
95866,1243,2981,201,64,651,194,589,580,224
95967,1353,3009,203,62,646,185,589,579,225
96068,1459,3028,208,64,646,186,589,579,225
96169,1411,3036,207,64,640,196,592,581,225
96270,1168,2992,201,64,640,187,590,580,222
96371,971,2921,195,59,638,181,588,581,221
96472,816,2866,194,62,637,186,589,578,224
96573,812,2816,194,60,640,193,592,579,223
96674,759,2775,189,57,637,190,590,580,225
96775,745,2679,176,59,639,192,587,577,221
96876,677,2607,171,53,637,186,586,577,221
96977,658,2576,174,53,640,188,588,577,222
97078,630,2538,169,54,638,189,587,580,220
97179,582,2538,171,53,640,189,586,578,219
97280,619,2528,166,55,638,188,587,580,225
97381,692,2594,173,63,639,181,590,578,224
97482,758,2666,178,55,640,192,589,579,221
97583,810,2725,190,60,639,186,590,581,221
97684,837,2832,192,63,642,181,589,579,225
97785,925,2897,199,61,640,188,587,579,224
97886,1081,2965,198,64,639,189,589,580,225
97987,1305,3003,205,64,640,189,589,581,221
98088,1455,3056,203,64,642,192,587,578,222
98189,1535,3070,205,64,641,185,587,578,221
98290,1529,3083,208,65,640,194,590,577,220
98391,1510,3039,202,64,640,192,589,582,222
98492,1326,3014,199,64,640,191,587,579,222
98593,1103,2992,203,63,646,194,589,579,223
98694,912,2933,192,63,639,188,589,578,221
98795,866,2870,192,60,640,191,587,578,225
98896,799,2804,188,61,654,190,588,579,224
98997,737,2766,181,58,637,184,591,580,224
99098,671,2647,175,58,637,185,588,579,226
99199,638,2599,176,54,637,185,587,580,221
99300,641,2534,176,54,635,185,586,580,220
99401,624,2523,171,58,630,195,587,579,222
99502,675,2555,172,55,638,189,590,580,224
99603,726,2548,171,59,634,186,589,582,224
99704,714,2577,177,58,627,186,587,581,222
99805,715,2571,179,58,640,188,591,582,227
99906,742,2597,178,60,644,192,591,579,228
100007,795,2679,186,60,649,192,589,581,223
100108,842,2726,177,58,637,187,590,583,226
100209,863,2802,187,59,635,182,587,577,225
100310,926,2826,190,58,633,187,587,579,223
100411,1040,2866,195,61,635,187,586,579,222
100512,1075,2945,194,64,631,186,585,576,220
100613,1202,2969,206,62,637,192,585,578,218
100714,1331,3019,200,64,640,193,587,578,220
100815,1411,3024,204,64,638,188,588,579,226
100916,1531,3061,208,63,640,188,589,579,225
101017,1575,3088,208,64,641,189,590,578,223
101118,1606,3106,208,64,641,187,588,577,225
101219,1637,3124,211,64,646,193,587,579,221
101320,1631,3109,208,65,641,192,589,579,221
101421,1523,3067,210,64,642,192,591,579,225
101522,1368,3041,208,64,640,192,590,580,224
101623,1191,3024,197,64,642,190,590,581,223
101724,1077,2976,202,64,641,187,589,580,223
101825,939,2947,200,64,650,195,589,581,224
101926,893,2910,193,59,642,178,588,577,226
102027,857,2831,188,60,645,191,588,581,226
102128,787,2773,187,59,646,178,590,579,224
102229,748,2651,177,59,647,195,590,580,224
102330,704,2567,173,53,640,189,587,578,224
102431,686,2512,171,50,631,182,578,574,212
102532,688,2479,165,48,630,183,579,575,211
102633,695,2445,165,50,635,184,580,575,217
102734,688,2443,165,54,649,195,591,579,222
102835,622,2391,164,53,651,193,591,582,226
102936,614,2368,162,53,639,191,592,581,224
103037,638,2343,161,50,633,188,589,579,221
103138,699,2483,171,54,639,191,589,580,224
103239,791,2617,181,56,645,193,589,582,223
103340,846,2747,192,59,649,184,591,579,226
103441,982,2841,190,62,646,192,591,581,225
103542,1065,2905,195,64,645,190,587,580,223
103643,1222,2965,203,62,643,188,590,582,224
103744,1344,3007,203,64,641,189,592,583,221
103845,1479,3027,208,64,640,183,591,582,227
103946,1519,3051,207,64,641,188,588,579,223
104047,1495,3057,203,64,631,188,590,580,228
104148,1374,3005,202,63,659,192,587,579,223
104249,1150,2979,197,63,640,191,589,578,225
104350,979,2915,193,60,640,193,588,578,225
104451,848,2865,192,59,640,193,588,576,221
104552,815,2805,191,59,640,193,590,577,222
104653,755,2726,181,61,629,191,589,577,224
104754,735,2640,176,56,640,192,589,577,221
104855,713,2576,173,54,641,193,589,577,222
104956,713,2521,176,55,639,190,590,579,225
105057,685,2448,167,52,638,185,586,578,224
105158,710,2380,165,53,640,192,590,581,223
105259,640,2365,163,53,638,193,591,580,225
105360,656,2329,154,52,640,190,589,577,224
105461,661,2329,155,51,637,180,588,579,226
105562,687,2310,155,50,643,193,587,581,224
105663,698,2293,155,51,640,194,589,581,221
105764,669,2293,156,50,643,191,591,581,225
105865,679,2323,157,49,631,190,587,576,225
105966,704,2418,167,50,636,192,584,578,223
106067,781,2535,170,53,636,190,589,579,221
106168,832,2637,176,55,638,189,588,577,221
106269,867,2741,182,58,639,187,590,579,226
106370,1012,2825,194,61,641,187,587,579,225
106471,1143,2911,193,60,638,183,589,580,227
106572,1264,2951,194,64,637,182,586,578,224
106673,1331,3005,198,64,639,180,591,579,224
106774,1327,2978,202,64,641,190,589,579,224
106875,1173,2931,199,64,645,183,588,581,224
106976,1023,2879,195,59,650,197,590,580,224
107077,896,2812,188,62,646,188,589,581,227
107178,848,2754,189,61,631,191,590,581,227
107279,817,2675,176,57,643,186,587,581,222
107380,784,2587,176,55,643,193,589,577,221
107481,759,2538,174,55,638,191,588,579,221
107582,752,2485,171,54,637,190,589,578,223
107683,723,2409,163,51,637,187,587,577,221
107784,704,2398,160,51,636,186,589,579,223
107885,750,2357,161,50,637,189,588,578,222
107986,736,2446,162,51,637,192,587,578,224
108087,783,2517,172,51,633,182,587,582,224
108188,827,2599,176,55,635,191,590,580,222
108289,896,2693,176,55,637,190,587,579,218
108390,1022,2807,187,61,636,183,589,579,226
108491,1162,2876,194,64,640,190,589,578,223
108592,1274,2945,199,64,639,187,590,581,227
108693,1280,2963,197,62,640,182,587,581,225
108794,1232,2955,208,64,640,192,589,583,220
108895,1087,2906,195,64,640,192,588,580,223
108996,903,2848,192,62,640,190,591,582,226
109097,831,2775,185,58,639,185,590,581,224
109198,801,2736,183,59,640,194,587,579,222
109299,787,2646,178,59,641,192,588,579,218
109400,717,2592,170,53,635,185,589,578,223
109501,666,2537,173,55,656,181,587,578,223
109602,612,2512,169,54,643,192,586,579,222
109703,598,2446,166,53,639,189,585,577,219
109804,562,2418,161,52,637,189,587,579,224
109905,527,2385,161,51,637,183,589,579,223
110006,545,2370,161,49,635,189,590,581,224
110107,565,2385,161,51,635,181,588,579,221
110208,622,2467,173,54,640,191,589,579,222
110309,711,2551,176,57,638,191,587,582,219
110410,801,2662,180,61,637,186,589,580,224
110511,856,2707,183,59,640,192,591,581,225
110612,898,2787,185,64,644,186,592,583,226
110713,920,2767,190,61,638,189,589,579,223
110814,918,2768,188,59,637,187,591,582,228
110915,869,2711,182,60,639,193,589,579,224
111016,801,2689,179,57,638,177,588,576,222
111117,749,2627,175,57,646,186,587,579,221
111218,717,2573,172,53,641,179,587,578,225
111319,702,2559,174,55,643,192,589,579,224
111420,688,2529,176,53,645,189,590,579,226
111521,710,2555,176,55,647,195,587,581,223
111622,750,2592,176,55,644,192,590,580,224
111723,815,2689,179,59,645,187,590,581,225
111824,905,2789,185,60,642,179,588,579,220
111925,954,2860,197,63,647,194,588,577,223
112026,1079,2927,197,62,646,190,590,578,224
112127,1231,2977,207,64,646,190,589,579,223
112228,1361,3003,208,65,642,187,592,579,224
112329,1267,2990,209,65,642,192,589,579,223
112430,1117,2971,206,64,649,195,590,580,224
112531,985,2942,197,62,643,191,590,581,224
112632,875,2870,195,59,642,191,588,582,223
112733,834,2815,193,59,646,190,589,581,227
112834,765,2704,179,55,643,190,589,579,224
112935,735,2667,176,55,642,181,590,578,224
113036,697,2589,176,54,637,189,589,578,222
113137,644,2543,176,53,644,183,585,577,223
113238,624,2513,171,54,641,185,587,577,221
113339,622,2486,170,52,644,190,589,579,225
113440,576,2447,167,53,642,193,590,581,224
113541,541,2445,167,54,645,190,590,579,224
113642,560,2476,165,54,652,190,588,578,219
113743,625,2516,170,56,647,192,591,583,224
113844,689,2554,174,55,645,191,589,578,222
113945,749,2630,179,58,643,181,589,578,225
114046,812,2684,176,58,646,190,587,581,223
114147,880,2768,190,59,640,190,590,582,225
114248,941,2798,186,61,641,190,589,580,223
114349,934,2820,189,60,649,189,588,581,220
114450,963,2864,194,60,649,186,591,579,226
114551,949,2831,190,64,646,191,588,577,226
114652,961,2846,191,60,642,179,587,578,224
114753,954,2818,193,61,645,189,589,580,223
114854,944,2832,186,59,637,191,589,580,224
114955,926,2800,188,60,644,188,589,579,223
115056,922,2778,191,55,644,189,587,579,223
115157,860,2741,185,58,643,190,587,579,223
115258,838,2666,181,58,644,188,587,581,224
115359,784,2637,177,54,640,187,589,580,224
115460,743,2608,178,54,642,191,591,580,225
115561,606,2544,167,53,640,187,587,579,221
115662,609,2481,170,55,647,186,589,581,222
115763,624,2447,166,53,642,196,590,581,227
115864,614,2390,162,53,644,189,589,581,226
115965,597,2387,161,51,643,183,586,579,222
116066,574,2353,162,53,641,185,587,579,224
116167,592,2494,174,52,638,190,591,578,222
116268,672,2580,176,54,642,181,588,578,225
116369,727,2666,183,58,642,185,590,579,225
116470,798,2793,191,59,649,183,589,581,225
116571,848,2865,193,63,656,186,593,585,227
116672,975,2959,194,64,657,192,592,581,229
116773,1072,2997,196,64,656,191,591,579,224
116874,1143,3008,198,62,644,187,587,577,219
116975,1149,3015,199,63,638,179,588,578,221
117076,1046,2955,199,63,640,178,586,577,223
117177,895,2906,194,62,646,189,587,577,225
117278,862,2869,194,62,646,191,586,580,223
117379,843,2803,187,58,650,190,587,581,223
117480,750,2695,177,58,654,191,590,581,221
117581,677,2625,174,59,654,193,588,580,224
117682,659,2608,178,55,647,192,588,581,221
117783,593,2591,176,53,639,191,590,583,225
117884,585,2559,173,54,638,185,591,581,225
117985,614,2554,174,54,631,187,590,580,222
118086,671,2639,174,57,638,192,589,577,227
118187,726,2684,181,55,634,193,589,581,225
118288,766,2714,183,58,638,192,587,579,224
118389,778,2718,179,58,633,192,589,578,221
118490,748,2701,179,57,632,185,589,579,225
118591,750,2667,177,59,640,197,591,581,226
118692,774,2703,181,59,640,196,590,577,226
118793,831,2810,195,64,638,192,589,579,221
118894,918,2926,195,64,636,191,590,583,224
118995,1070,3006,203,64,639,194,592,583,227
119096,1276,3033,214,64,638,192,590,580,223
119197,1301,3054,207,63,639,185,589,582,224
119298,1219,3054,208,64,639,192,590,579,221
119399,1213,3023,208,64,640,193,591,581,225
119500,1133,3036,201,64,640,195,591,581,227
119601,1061,2995,205,64,641,195,587,581,223
119702,954,2990,207,64,640,183,590,582,227
119803,919,2978,205,64,639,192,589,581,222
119904,874,2926,197,62,639,194,590,581,225
120005,817,2854,193,60,642,191,587,580,220
120106,783,2799,192,60,645,181,588,581,225
120207,670,2736,184,53,643,187,587,579,224
120308,640,2666,176,54,640,189,590,579,225
120409,597,2608,176,55,643,191,588,579,221
120510,566,2534,175,55,642,187,587,581,222
120611,558,2531,173,54,634,197,589,579,222
120712,560,2508,173,54,642,189,589,580,222
120813,582,2515,174,54,640,177,589,582,227
120914,579,2538,171,55,640,187,590,581,222
121015,631,2590,175,56,644,190,589,583,225
121116,651,2613,178,58,643,190,592,582,227
121217,703,2661,181,59,651,189,592,583,225
121318,807,2763,189,62,655,190,589,584,223
121419,875,2842,192,61,653,187,591,583,225
121520,922,2895,195,60,641,190,589,582,224
121621,1044,2959,206,62,645,185,589,582,227
121722,1172,3007,202,64,647,197,589,581,221
121823,1179,3008,202,64,642,195,589,581,222
121924,1082,3003,201,64,646,191,587,577,226
122025,950,2960,199,64,646,186,589,579,224
122126,865,2940,196,60,642,186,589,580,227
122227,848,2923,203,62,641,189,588,579,221
122328,824,2893,197,60,642,185,589,583,224
122429,764,2835,193,61,647,197,589,581,225
122530,720,2735,176,59,642,186,589,581,225
122631,627,2602,176,59,640,191,589,582,224
122732,656,2576,181,54,640,181,587,578,221
122833,758,2604,176,55,644,192,589,581,224
122934,784,2629,180,57,645,191,589,581,223
123035,752,2619,178,58,641,193,590,582,222
123136,717,2581,176,58,646,192,590,583,221
123237,707,2579,172,58,644,193,590,583,224
123338,746,2585,174,55,649,189,590,583,223
123439,773,2577,176,54,642,188,589,582,225
123540,781,2576,176,57,643,186,589,579,221
123641,791,2695,182,58,645,186,589,581,224
123742,895,2848,189,62,645,178,588,580,221
123843,970,2896,195,61,645,183,587,581,225
123944,1110,2992,199,63,650,192,587,581,222
124045,1263,3018,206,64,639,176,586,578,223
124146,1457,3059,205,65,647,192,586,580,222
124247,1552,3066,206,64,641,186,588,581,224
124348,1576,3104,209,65,651,192,589,579,225
124449,1555,3079,208,64,651,194,589,579,220
124550,1397,3063,206,64,648,189,591,581,224
124651,1256,3025,206,65,652,194,589,579,223
124752,1100,3015,205,63,649,194,590,582,224
124853,912,2971,197,62,653,187,591,582,226
124954,831,2909,193,62,654,182,587,579,223
125055,813,2864,186,62,652,189,589,579,224
125156,771,2807,188,61,666,191,590,581,227
125257,755,2768,186,60,667,197,588,579,223
125358,767,2770,186,59,668,188,587,579,224
125459,730,2721,178,57,649,192,591,579,226
125560,661,2662,176,55,641,186,587,578,222
125661,661,2641,178,54,642,183,588,581,224
125762,700,2720,182,57,645,181,589,579,225
125863,778,2821,192,59,641,192,589,578,223
125964,864,2876,195,62,644,191,589,577,223
126065,926,2919,196,64,639,189,590,578,223
126166,1008,2993,203,64,638,190,592,579,222
126267,1142,3020,205,64,642,192,592,580,225
126368,1263,3062,208,64,645,189,592,581,223
126469,1488,3088,209,64,640,185,586,578,222
126570,1584,3107,209,64,634,192,589,579,223
126671,1635,3131,208,65,651,182,590,579,221
126772,1559,3088,210,64,650,191,590,579,222
126873,1427,3071,206,64,651,195,590,579,225
126974,1259,3024,200,64,652,194,591,579,226
127075,1109,2992,205,63,649,179,587,577,225
127176,1008,2969,202,65,648,194,590,578,224
127277,898,2931,200,61,646,188,589,577,224
127378,865,2917,194,62,645,188,588,579,223
127479,825,2866,190,61,641,183,587,578,221
127580,806,2838,192,58,642,194,589,578,225
127681,742,2782,186,59,640,186,590,578,225
127782,702,2724,179,61,641,190,591,581,226
127883,720,2640,176,58,640,186,589,579,223
127984,735,2598,176,60,640,190,590,581,225
128085,728,2599,173,57,634,192,591,579,227
128186,724,2589,177,61,639,191,590,577,221
128287,805,2775,191,60,631,189,591,578,221
128388,917,2873,194,64,642,190,589,578,220
128489,992,2937,195,64,640,192,589,579,225
128590,1150,3006,208,65,639,188,587,576,220
128691,1360,3082,208,63,639,183,590,576,223
128792,1382,3099,204,64,640,185,589,579,228
128893,1251,3051,208,63,640,192,587,579,224
128994,1003,3040,203,62,627,191,585,577,219
129095,912,3002,203,62,629,186,581,576,220
129196,890,2967,199,64,635,185,586,577,215
129297,880,2891,192,62,638,192,588,579,224
129398,758,2854,193,64,642,192,591,583,224
129499,690,2799,188,60,640,190,591,582,226
129600,682,2719,182,59,640,192,592,582,227
129701,681,2669,177,62,643,194,591,583,223
129802,722,2645,176,58,640,187,590,582,225
129903,816,2574,176,58,642,187,592,583,222
130004,802,2529,177,62,641,187,592,582,224
130105,784,2540,175,57,641,191,590,582,220
130206,795,2535,176,60,641,193,591,581,224
130307,780,2517,175,60,638,187,590,582,224
130408,821,2545,176,59,640,194,589,582,224
130509,871,2617,176,55,643,183,591,583,224
130610,962,2704,180,59,640,193,590,582,225
130711,982,2715,179,58,640,192,590,579,224
130812,977,2698,180,58,640,189,587,579,221
130913,970,2658,176,58,640,189,590,579,223
131014,933,2635,176,55,641,187,587,579,220
131115,951,2661,187,55,640,192,590,580,222
131216,1008,2646,176,57,639,187,588,578,224
131317,942,2608,179,55,640,182,587,578,221
131418,944,2742,188,58,637,191,591,581,227
131519,976,2853,193,61,638,185,589,578,224
131620,1079,2899,204,63,640,192,592,581,223
131721,1193,2981,196,64,640,183,589,581,224
131822,1315,3033,208,65,640,191,591,580,223
131923,1425,3039,206,64,640,187,590,581,223
132024,1157,2995,197,65,642,190,587,578,220
132125,951,2886,193,61,640,188,587,578,226
132226,926,2814,193,61,637,190,591,580,224
132327,893,2729,177,58,639,186,590,583,225
132428,821,2595,176,55,639,189,591,579,226
132529,943,2593,176,54,634,191,589,578,223
132630,986,2567,177,53,638,180,589,579,224
132731,927,2526,171,54,637,183,589,579,225
132832,991,2469,165,52,639,185,590,580,223
132933,926,2437,166,55,638,183,589,579,224
133034,926,2397,164,53,640,188,589,581,223
133135,921,2399,161,53,640,191,588,579,219
133236,931,2402,169,53,635,182,590,582,227
133337,935,2395,164,51,642,192,592,583,225
133438,890,2384,163,53,640,191,591,579,226
133539,871,2389,161,51,639,187,591,579,224
133640,850,2441,163,51,639,187,592,583,227
133741,848,2577,173,54,639,182,589,578,225
133842,969,2642,181,58,634,192,590,581,224
133943,1054,2671,178,58,641,191,591,583,229
134044,1053,2743,182,57,638,192,592,582,224
134145,1085,2811,192,61,640,193,588,580,222
134246,1231,2889,196,61,635,192,591,581,227
134347,1347,2959,195,64,638,182,588,580,221
134448,1215,2928,193,60,641,189,588,579,218
134549,1104,2861,193,59,642,187,590,582,226
134650,999,2805,189,62,640,188,591,583,225
134751,919,2698,176,58,640,179,586,579,225
134852,834,2608,176,58,644,192,587,579,223
134953,811,2576,176,55,646,192,589,579,224
135054,761,2491,176,53,645,189,589,581,224
135155,720,2487,165,54,641,189,589,579,223
135256,821,2533,175,57,645,196,588,581,222
135357,842,2642,176,56,643,181,587,581,225
135458,876,2705,185,62,648,192,592,583,227
135559,957,2779,191,62,648,187,589,581,222
135660,976,2825,191,64,647,191,592,581,221
135761,916,2722,178,58,644,181,588,579,223
135862,945,2656,180,55,645,189,591,582,225
135963,1002,2599,176,58,643,196,591,581,224
136064,983,2580,176,55,646,192,585,580,219
136165,976,2544,175,57,639,190,589,579,223
136266,980,2569,175,53,635,190,589,581,223
136367,1008,2448,164,55,637,190,591,582,225
136468,963,2262,147,53,639,188,591,581,223
136569,862,2275,157,52,640,190,590,581,225
136670,795,2410,166,54,641,183,591,581,228
136771,949,2515,176,57,640,192,590,577,225
136872,855,2594,176,53,635,191,590,579,221
136973,819,2693,183,59,637,183,589,581,223
137074,785,2688,176,58,638,193,589,582,221
137175,792,2582,174,55,626,197,587,582,223
137276,779,2583,175,55,641,191,592,583,225
137377,883,2603,176,55,641,185,591,582,227
137478,839,2544,176,61,650,191,594,590,226
137579,944,2570,181,59,651,187,592,585,231
137680,731,2552,176,59,656,192,595,586,234
137781,715,2523,167,54,642,190,591,586,229
137882,698,2503,166,54,640,187,592,585,229
137983,689,2443,162,53,647,195,592,586,227
138084,702,2386,163,53,642,199,591,583,224
138185,659,2391,160,51,639,192,591,582,223
138286,626,2408,165,50,635,189,589,585,224
138387,583,2358,161,51,637,192,590,583,224
138488,589,2481,175,54,638,192,591,583,225
138589,614,2598,176,60,636,189,589,582,226
138690,649,2683,179,59,634,186,589,583,226
138791,688,2733,183,62,627,194,587,581,224
138892,682,2717,178,58,639,194,589,581,225
138993,663,2702,182,58,643,193,591,586,229
139094,639,2666,176,59,640,193,590,582,227
